{
  "Total Demand":109994.0,
  "Total Supply":115333.0,
  "Fill Rate":1.0,
  "OTIF":0.9761072768,
  "Days of Cover":94.9309650526
}